--
-- PostgreSQL database dump
--

-- Dumped from database version 14.18 (Ubuntu 14.18-0ubuntu0.22.04.1)
-- Dumped by pg_dump version 14.18 (Ubuntu 14.18-0ubuntu0.22.04.1)

SET statement_timeout = 0;
SET lock_timeout = 0;
SET idle_in_transaction_session_timeout = 0;
SET client_encoding = 'UTF8';
SET standard_conforming_strings = on;
SELECT pg_catalog.set_config('search_path', '', false);
SET check_function_bodies = false;
SET xmloption = content;
SET client_min_messages = warning;
SET row_security = off;

SET default_tablespace = '';

SET default_table_access_method = heap;

--
-- Name: accounts; Type: TABLE; Schema: public; Owner: postgres
--

CREATE TABLE public.accounts (
    id bigint NOT NULL,
    account_number character varying(30) NOT NULL,
    bank_code character varying(3) NOT NULL,
    account_type character varying(20) NOT NULL,
    balance numeric(15,2) NOT NULL,
    created_at timestamp with time zone NOT NULL,
    updated_at timestamp with time zone NOT NULL,
    user_id bigint NOT NULL
);


ALTER TABLE public.accounts OWNER TO postgres;

--
-- Name: accounts_id_seq; Type: SEQUENCE; Schema: public; Owner: postgres
--

ALTER TABLE public.accounts ALTER COLUMN id ADD GENERATED BY DEFAULT AS IDENTITY (
    SEQUENCE NAME public.accounts_id_seq
    START WITH 1
    INCREMENT BY 1
    NO MINVALUE
    NO MAXVALUE
    CACHE 1
);


--
-- Name: analysis; Type: TABLE; Schema: public; Owner: postgres
--

CREATE TABLE public.analysis (
    id bigint NOT NULL,
    analysis_target character varying(20) NOT NULL,
    analysis_period character varying(20) NOT NULL,
    start_date date NOT NULL,
    end_date date NOT NULL,
    description text NOT NULL,
    result_image character varying(100),
    created_at timestamp with time zone NOT NULL,
    updated_at timestamp with time zone NOT NULL,
    user_id bigint NOT NULL
);


ALTER TABLE public.analysis OWNER TO postgres;

--
-- Name: analysis_id_seq; Type: SEQUENCE; Schema: public; Owner: postgres
--

ALTER TABLE public.analysis ALTER COLUMN id ADD GENERATED BY DEFAULT AS IDENTITY (
    SEQUENCE NAME public.analysis_id_seq
    START WITH 1
    INCREMENT BY 1
    NO MINVALUE
    NO MAXVALUE
    CACHE 1
);


--
-- Name: auth_group; Type: TABLE; Schema: public; Owner: postgres
--

CREATE TABLE public.auth_group (
    id integer NOT NULL,
    name character varying(150) NOT NULL
);


ALTER TABLE public.auth_group OWNER TO postgres;

--
-- Name: auth_group_id_seq; Type: SEQUENCE; Schema: public; Owner: postgres
--

ALTER TABLE public.auth_group ALTER COLUMN id ADD GENERATED BY DEFAULT AS IDENTITY (
    SEQUENCE NAME public.auth_group_id_seq
    START WITH 1
    INCREMENT BY 1
    NO MINVALUE
    NO MAXVALUE
    CACHE 1
);


--
-- Name: auth_group_permissions; Type: TABLE; Schema: public; Owner: postgres
--

CREATE TABLE public.auth_group_permissions (
    id bigint NOT NULL,
    group_id integer NOT NULL,
    permission_id integer NOT NULL
);


ALTER TABLE public.auth_group_permissions OWNER TO postgres;

--
-- Name: auth_group_permissions_id_seq; Type: SEQUENCE; Schema: public; Owner: postgres
--

ALTER TABLE public.auth_group_permissions ALTER COLUMN id ADD GENERATED BY DEFAULT AS IDENTITY (
    SEQUENCE NAME public.auth_group_permissions_id_seq
    START WITH 1
    INCREMENT BY 1
    NO MINVALUE
    NO MAXVALUE
    CACHE 1
);


--
-- Name: auth_permission; Type: TABLE; Schema: public; Owner: postgres
--

CREATE TABLE public.auth_permission (
    id integer NOT NULL,
    name character varying(255) NOT NULL,
    content_type_id integer NOT NULL,
    codename character varying(100) NOT NULL
);


ALTER TABLE public.auth_permission OWNER TO postgres;

--
-- Name: auth_permission_id_seq; Type: SEQUENCE; Schema: public; Owner: postgres
--

ALTER TABLE public.auth_permission ALTER COLUMN id ADD GENERATED BY DEFAULT AS IDENTITY (
    SEQUENCE NAME public.auth_permission_id_seq
    START WITH 1
    INCREMENT BY 1
    NO MINVALUE
    NO MAXVALUE
    CACHE 1
);


--
-- Name: django_admin_log; Type: TABLE; Schema: public; Owner: postgres
--

CREATE TABLE public.django_admin_log (
    id integer NOT NULL,
    action_time timestamp with time zone NOT NULL,
    object_id text,
    object_repr character varying(200) NOT NULL,
    action_flag smallint NOT NULL,
    change_message text NOT NULL,
    content_type_id integer,
    user_id bigint NOT NULL,
    CONSTRAINT django_admin_log_action_flag_check CHECK ((action_flag >= 0))
);


ALTER TABLE public.django_admin_log OWNER TO postgres;

--
-- Name: django_admin_log_id_seq; Type: SEQUENCE; Schema: public; Owner: postgres
--

ALTER TABLE public.django_admin_log ALTER COLUMN id ADD GENERATED BY DEFAULT AS IDENTITY (
    SEQUENCE NAME public.django_admin_log_id_seq
    START WITH 1
    INCREMENT BY 1
    NO MINVALUE
    NO MAXVALUE
    CACHE 1
);


--
-- Name: django_content_type; Type: TABLE; Schema: public; Owner: postgres
--

CREATE TABLE public.django_content_type (
    id integer NOT NULL,
    app_label character varying(100) NOT NULL,
    model character varying(100) NOT NULL
);


ALTER TABLE public.django_content_type OWNER TO postgres;

--
-- Name: django_content_type_id_seq; Type: SEQUENCE; Schema: public; Owner: postgres
--

ALTER TABLE public.django_content_type ALTER COLUMN id ADD GENERATED BY DEFAULT AS IDENTITY (
    SEQUENCE NAME public.django_content_type_id_seq
    START WITH 1
    INCREMENT BY 1
    NO MINVALUE
    NO MAXVALUE
    CACHE 1
);


--
-- Name: django_migrations; Type: TABLE; Schema: public; Owner: postgres
--

CREATE TABLE public.django_migrations (
    id bigint NOT NULL,
    app character varying(255) NOT NULL,
    name character varying(255) NOT NULL,
    applied timestamp with time zone NOT NULL
);


ALTER TABLE public.django_migrations OWNER TO postgres;

--
-- Name: django_migrations_id_seq; Type: SEQUENCE; Schema: public; Owner: postgres
--

ALTER TABLE public.django_migrations ALTER COLUMN id ADD GENERATED BY DEFAULT AS IDENTITY (
    SEQUENCE NAME public.django_migrations_id_seq
    START WITH 1
    INCREMENT BY 1
    NO MINVALUE
    NO MAXVALUE
    CACHE 1
);


--
-- Name: django_session; Type: TABLE; Schema: public; Owner: postgres
--

CREATE TABLE public.django_session (
    session_key character varying(40) NOT NULL,
    session_data text NOT NULL,
    expire_date timestamp with time zone NOT NULL
);


ALTER TABLE public.django_session OWNER TO postgres;

--
-- Name: notifications; Type: TABLE; Schema: public; Owner: postgres
--

CREATE TABLE public.notifications (
    id bigint NOT NULL,
    message text NOT NULL,
    is_read boolean NOT NULL,
    created_at timestamp with time zone NOT NULL,
    user_id bigint NOT NULL
);


ALTER TABLE public.notifications OWNER TO postgres;

--
-- Name: notifications_id_seq; Type: SEQUENCE; Schema: public; Owner: postgres
--

ALTER TABLE public.notifications ALTER COLUMN id ADD GENERATED BY DEFAULT AS IDENTITY (
    SEQUENCE NAME public.notifications_id_seq
    START WITH 1
    INCREMENT BY 1
    NO MINVALUE
    NO MAXVALUE
    CACHE 1
);


--
-- Name: token_blacklist_blacklistedtoken; Type: TABLE; Schema: public; Owner: postgres
--

CREATE TABLE public.token_blacklist_blacklistedtoken (
    id bigint NOT NULL,
    blacklisted_at timestamp with time zone NOT NULL,
    token_id bigint NOT NULL
);


ALTER TABLE public.token_blacklist_blacklistedtoken OWNER TO postgres;

--
-- Name: token_blacklist_blacklistedtoken_id_seq; Type: SEQUENCE; Schema: public; Owner: postgres
--

ALTER TABLE public.token_blacklist_blacklistedtoken ALTER COLUMN id ADD GENERATED BY DEFAULT AS IDENTITY (
    SEQUENCE NAME public.token_blacklist_blacklistedtoken_id_seq
    START WITH 1
    INCREMENT BY 1
    NO MINVALUE
    NO MAXVALUE
    CACHE 1
);


--
-- Name: token_blacklist_outstandingtoken; Type: TABLE; Schema: public; Owner: postgres
--

CREATE TABLE public.token_blacklist_outstandingtoken (
    id bigint NOT NULL,
    token text NOT NULL,
    created_at timestamp with time zone,
    expires_at timestamp with time zone NOT NULL,
    user_id bigint,
    jti character varying(255) NOT NULL
);


ALTER TABLE public.token_blacklist_outstandingtoken OWNER TO postgres;

--
-- Name: token_blacklist_outstandingtoken_id_seq; Type: SEQUENCE; Schema: public; Owner: postgres
--

ALTER TABLE public.token_blacklist_outstandingtoken ALTER COLUMN id ADD GENERATED BY DEFAULT AS IDENTITY (
    SEQUENCE NAME public.token_blacklist_outstandingtoken_id_seq
    START WITH 1
    INCREMENT BY 1
    NO MINVALUE
    NO MAXVALUE
    CACHE 1
);


--
-- Name: transaction_history; Type: TABLE; Schema: public; Owner: postgres
--

CREATE TABLE public.transaction_history (
    id bigint NOT NULL,
    transaction_amount numeric(15,2) NOT NULL,
    post_transaction_amount numeric(15,2) NOT NULL,
    transaction_details character varying(255) NOT NULL,
    transaction_type character varying(20) NOT NULL,
    transaction_method character varying(20) NOT NULL,
    transaction_timestamp timestamp with time zone NOT NULL,
    created_at timestamp with time zone NOT NULL,
    updated_at timestamp with time zone NOT NULL,
    account_id bigint NOT NULL
);


ALTER TABLE public.transaction_history OWNER TO postgres;

--
-- Name: transaction_history_id_seq; Type: SEQUENCE; Schema: public; Owner: postgres
--

ALTER TABLE public.transaction_history ALTER COLUMN id ADD GENERATED BY DEFAULT AS IDENTITY (
    SEQUENCE NAME public.transaction_history_id_seq
    START WITH 1
    INCREMENT BY 1
    NO MINVALUE
    NO MAXVALUE
    CACHE 1
);


--
-- Name: users; Type: TABLE; Schema: public; Owner: postgres
--

CREATE TABLE public.users (
    id bigint NOT NULL,
    password character varying(128) NOT NULL,
    is_superuser boolean NOT NULL,
    email character varying(255) NOT NULL,
    nickname character varying(50) NOT NULL,
    name character varying(50) NOT NULL,
    phone_number character varying(20) NOT NULL,
    is_active boolean NOT NULL,
    is_staff boolean NOT NULL,
    is_admin boolean NOT NULL,
    last_login timestamp with time zone NOT NULL,
    date_joined timestamp with time zone NOT NULL
);


ALTER TABLE public.users OWNER TO postgres;

--
-- Name: users_groups; Type: TABLE; Schema: public; Owner: postgres
--

CREATE TABLE public.users_groups (
    id bigint NOT NULL,
    customuser_id bigint NOT NULL,
    group_id integer NOT NULL
);


ALTER TABLE public.users_groups OWNER TO postgres;

--
-- Name: users_groups_id_seq; Type: SEQUENCE; Schema: public; Owner: postgres
--

ALTER TABLE public.users_groups ALTER COLUMN id ADD GENERATED BY DEFAULT AS IDENTITY (
    SEQUENCE NAME public.users_groups_id_seq
    START WITH 1
    INCREMENT BY 1
    NO MINVALUE
    NO MAXVALUE
    CACHE 1
);


--
-- Name: users_id_seq; Type: SEQUENCE; Schema: public; Owner: postgres
--

ALTER TABLE public.users ALTER COLUMN id ADD GENERATED BY DEFAULT AS IDENTITY (
    SEQUENCE NAME public.users_id_seq
    START WITH 1
    INCREMENT BY 1
    NO MINVALUE
    NO MAXVALUE
    CACHE 1
);


--
-- Name: users_user_permissions; Type: TABLE; Schema: public; Owner: postgres
--

CREATE TABLE public.users_user_permissions (
    id bigint NOT NULL,
    customuser_id bigint NOT NULL,
    permission_id integer NOT NULL
);


ALTER TABLE public.users_user_permissions OWNER TO postgres;

--
-- Name: users_user_permissions_id_seq; Type: SEQUENCE; Schema: public; Owner: postgres
--

ALTER TABLE public.users_user_permissions ALTER COLUMN id ADD GENERATED BY DEFAULT AS IDENTITY (
    SEQUENCE NAME public.users_user_permissions_id_seq
    START WITH 1
    INCREMENT BY 1
    NO MINVALUE
    NO MAXVALUE
    CACHE 1
);


--
-- Data for Name: accounts; Type: TABLE DATA; Schema: public; Owner: postgres
--

COPY public.accounts (id, account_number, bank_code, account_type, balance, created_at, updated_at, user_id) FROM stdin;
2	987-654-321	004	SAVING	0.00	2025-06-09 20:21:47.332278+09	2025-06-09 20:21:47.332298+09	3
3	987-654-321	004	SAVING	0.00	2025-06-09 20:23:42.001615+09	2025-06-09 20:23:42.001634+09	3
4	987-654-321	004	SAVING	0.00	2025-06-09 20:26:30.767445+09	2025-06-09 20:26:30.767468+09	3
827	5252234234	020	CHECKING	31884438.80	2025-06-11 01:30:57.392057+09	2025-06-11 01:30:57.392067+09	1
828	134513413	003	CHECKING	0.00	2025-06-11 03:00:58.725174+09	2025-06-11 03:00:58.725188+09	1
829	13451333413	003	CHECKING	6666666.00	2025-06-11 03:02:57.71992+09	2025-06-11 03:02:57.719931+09	1
830	234234324	003	CHECKING	0.00	2025-06-11 03:17:27.746896+09	2025-06-11 03:17:27.746905+09	1
831	13513355153	000	CHECKING	1266145422.00	2025-06-11 03:33:06.659692+09	2025-06-11 03:33:06.659704+09	1
833	135313531	005	CHECKING	0.00	2025-06-11 05:20:34.185096+09	2025-06-11 05:20:34.185105+09	20
834	1353143531	005	CHECKING	0.00	2025-06-11 05:20:35.773985+09	2025-06-11 05:20:35.773994+09	20
835	13532143531	005	CHECKING	0.00	2025-06-11 05:20:37.224285+09	2025-06-11 05:20:37.224295+09	20
836	135432143531	005	CHECKING	0.00	2025-06-11 05:20:38.933968+09	2025-06-11 05:20:38.933978+09	20
837	1354232143531	005	CHECKING	0.00	2025-06-11 05:20:40.823628+09	2025-06-11 05:20:40.823637+09	20
\.


--
-- Data for Name: analysis; Type: TABLE DATA; Schema: public; Owner: postgres
--

COPY public.analysis (id, analysis_target, analysis_period, start_date, end_date, description, result_image, created_at, updated_at, user_id) FROM stdin;
\.


--
-- Data for Name: auth_group; Type: TABLE DATA; Schema: public; Owner: postgres
--

COPY public.auth_group (id, name) FROM stdin;
\.


--
-- Data for Name: auth_group_permissions; Type: TABLE DATA; Schema: public; Owner: postgres
--

COPY public.auth_group_permissions (id, group_id, permission_id) FROM stdin;
\.


--
-- Data for Name: auth_permission; Type: TABLE DATA; Schema: public; Owner: postgres
--

COPY public.auth_permission (id, name, content_type_id, codename) FROM stdin;
1	Can add log entry	1	add_logentry
2	Can change log entry	1	change_logentry
3	Can delete log entry	1	delete_logentry
4	Can view log entry	1	view_logentry
5	Can add permission	2	add_permission
6	Can change permission	2	change_permission
7	Can delete permission	2	delete_permission
8	Can view permission	2	view_permission
9	Can add group	3	add_group
10	Can change group	3	change_group
11	Can delete group	3	delete_group
12	Can view group	3	view_group
13	Can add content type	4	add_contenttype
14	Can change content type	4	change_contenttype
15	Can delete content type	4	delete_contenttype
16	Can view content type	4	view_contenttype
17	Can add session	5	add_session
18	Can change session	5	change_session
19	Can delete session	5	delete_session
20	Can view session	5	view_session
21	Can add 사용자	6	add_customuser
22	Can change 사용자	6	change_customuser
23	Can delete 사용자	6	delete_customuser
24	Can view 사용자	6	view_customuser
25	Can add 계좌	7	add_account
26	Can change 계좌	7	change_account
27	Can delete 계좌	7	delete_account
28	Can view 계좌	7	view_account
29	Can add 분석	8	add_analysis
30	Can change 분석	8	change_analysis
31	Can delete 분석	8	delete_analysis
32	Can view 분석	8	view_analysis
33	Can add 알림	9	add_notification
34	Can change 알림	9	change_notification
35	Can delete 알림	9	delete_notification
36	Can view 알림	9	view_notification
37	Can add 거래 내역	10	add_transactionhistory
38	Can change 거래 내역	10	change_transactionhistory
39	Can delete 거래 내역	10	delete_transactionhistory
40	Can view 거래 내역	10	view_transactionhistory
41	Can add blacklisted token	11	add_blacklistedtoken
42	Can change blacklisted token	11	change_blacklistedtoken
43	Can delete blacklisted token	11	delete_blacklistedtoken
44	Can view blacklisted token	11	view_blacklistedtoken
45	Can add outstanding token	12	add_outstandingtoken
46	Can change outstanding token	12	change_outstandingtoken
47	Can delete outstanding token	12	delete_outstandingtoken
48	Can view outstanding token	12	view_outstandingtoken
\.


--
-- Data for Name: django_admin_log; Type: TABLE DATA; Schema: public; Owner: postgres
--

COPY public.django_admin_log (id, action_time, object_id, object_repr, action_flag, change_message, content_type_id, user_id) FROM stdin;
1	2025-06-09 16:07:21.677224+09	1	한국은행 - 123444	1	[{"added": {}}]	7	1
2	2025-06-11 00:58:51.82889+09	10	chansman1004@gmail.com	3		6	1
3	2025-06-11 02:07:10.947481+09	12	chansman1004@gmail.com	3		6	1
4	2025-06-11 02:32:39.202348+09	18	chansman1004@gmail.com	3		6	1
5	2025-06-11 04:32:34.210407+09	19	chansman1004@gmail.com	3		6	1
\.


--
-- Data for Name: django_content_type; Type: TABLE DATA; Schema: public; Owner: postgres
--

COPY public.django_content_type (id, app_label, model) FROM stdin;
1	admin	logentry
2	auth	permission
3	auth	group
4	contenttypes	contenttype
5	sessions	session
6	accountbook	customuser
7	accountbook	account
8	accountbook	analysis
9	accountbook	notification
10	accountbook	transactionhistory
11	token_blacklist	blacklistedtoken
12	token_blacklist	outstandingtoken
\.


--
-- Data for Name: django_migrations; Type: TABLE DATA; Schema: public; Owner: postgres
--

COPY public.django_migrations (id, app, name, applied) FROM stdin;
1	contenttypes	0001_initial	2025-06-09 15:57:27.342459+09
2	contenttypes	0002_remove_content_type_name	2025-06-09 15:57:27.347769+09
3	auth	0001_initial	2025-06-09 15:57:27.393558+09
4	auth	0002_alter_permission_name_max_length	2025-06-09 15:57:27.396972+09
5	auth	0003_alter_user_email_max_length	2025-06-09 15:57:27.400556+09
6	auth	0004_alter_user_username_opts	2025-06-09 15:57:27.404555+09
7	auth	0005_alter_user_last_login_null	2025-06-09 15:57:27.409001+09
8	auth	0006_require_contenttypes_0002	2025-06-09 15:57:27.41065+09
9	auth	0007_alter_validators_add_error_messages	2025-06-09 15:57:27.415024+09
10	auth	0008_alter_user_username_max_length	2025-06-09 15:57:27.418867+09
11	auth	0009_alter_user_last_name_max_length	2025-06-09 15:57:27.424187+09
12	auth	0010_alter_group_name_max_length	2025-06-09 15:57:27.430533+09
13	auth	0011_update_proxy_permissions	2025-06-09 15:57:27.43516+09
14	auth	0012_alter_user_first_name_max_length	2025-06-09 15:57:27.441379+09
15	accountbook	0001_initial	2025-06-09 15:57:27.545492+09
16	admin	0001_initial	2025-06-09 15:57:27.567003+09
17	admin	0002_logentry_remove_auto_add	2025-06-09 15:57:27.575052+09
18	admin	0003_logentry_add_action_flag_choices	2025-06-09 15:57:27.583936+09
19	sessions	0001_initial	2025-06-09 15:57:27.600599+09
20	token_blacklist	0001_initial	2025-06-09 23:40:13.624759+09
21	token_blacklist	0002_outstandingtoken_jti_hex	2025-06-09 23:40:13.632643+09
22	token_blacklist	0003_auto_20171017_2007	2025-06-09 23:40:13.64484+09
23	token_blacklist	0004_auto_20171017_2013	2025-06-09 23:40:13.664382+09
24	token_blacklist	0005_remove_outstandingtoken_jti	2025-06-09 23:40:13.674093+09
25	token_blacklist	0006_auto_20171017_2113	2025-06-09 23:40:13.686162+09
26	token_blacklist	0007_auto_20171017_2214	2025-06-09 23:40:13.708314+09
27	token_blacklist	0008_migrate_to_bigautofield	2025-06-09 23:40:13.75638+09
28	token_blacklist	0010_fix_migrate_to_bigautofield	2025-06-09 23:40:13.766308+09
29	token_blacklist	0011_linearizes_history	2025-06-09 23:40:13.768214+09
30	token_blacklist	0012_alter_outstandingtoken_user	2025-06-09 23:40:13.77703+09
31	accountbook	0002_alter_account_account_number	2025-06-10 03:32:48.377601+09
\.


--
-- Data for Name: django_session; Type: TABLE DATA; Schema: public; Owner: postgres
--

COPY public.django_session (session_key, session_data, expire_date) FROM stdin;
9vtbs1ja2sopbqmjdpp9bzlof670o5te	.eJxVzDkOwjAUBNC7uEaWV7Ap6XMG6y82CSBbylIh7o4jpYB25s28RYJtHdO25DlNLK5Ci9NvhkDPXPeCH1DvTVKr6zyh3Ik82kUOjfPrdti_gxGWsa8RSnTOYVCgg46BMRpD6IF8ZG0zayZbyJ87sN1GZf2lFAUmalWQxOcL8Z84WA:1uOWYE:TodOb3ERJA3ZTIinPxv6q72m2A9z4Zf2fK5hkCbYru0	2025-06-23 16:04:10.018461+09
k8vjhczlx5lypdqhu2izlvuye45g9fwh	.eJxVzDkOwjAUBNC7uEaWV7Ap6XMG6y82CSBbylIh7o4jpYB25s28RYJtHdO25DlNLK5Ci9NvhkDPXPeCH1DvTVKr6zyh3Ik82kUOjfPrdti_gxGWsa8RSnTOYVCgg46BMRpD6IF8ZG0zayZbyJ87sN1GZf2lFAUmalWQxOcL8Z84WA:1uOtJ8:Ug2JSi-SnVLgUK8kNdBdkFTB0r7H4duxh7llwWTuKkk	2025-06-24 16:22:06.393221+09
432367lh39aa2oaauwrl388vc1v4kkgc	.eJxVzDkOwjAUBNC7uEaWV7Ap6XMG6y82CSBbylIh7o4jpYB25s28RYJtHdO25DlNLK5Ci9NvhkDPXPeCH1DvTVKr6zyh3Ik82kUOjfPrdti_gxGWsa8RSnTOYVCgg46BMRpD6IF8ZG0zayZbyJ87sN1GZf2lFAUmalWQxOcL8Z84WA:1uOtO7:9YaFOWeim9rc1ryI5ZVkSDdN8tiPyypVlN9QZQ8UCNo	2025-06-24 16:27:15.399168+09
k8l23idqdunok1q5sd8imhdwlflob3d3	.eJxVzDkOwjAUBNC7uEaWV7Ap6XMG6y82CSBbylIh7o4jpYB25s28RYJtHdO25DlNLK5Ci9NvhkDPXPeCH1DvTVKr6zyh3Ik82kUOjfPrdti_gxGWsa8RSnTOYVCgg46BMRpD6IF8ZG0zayZbyJ87sN1GZf2lFAUmalWQxOcL8Z84WA:1uP2L7:Z4wmjIuahwShBfnHrqcqe95RelH4QK4rAB7tkK_823s	2025-06-25 02:00:45.788773+09
l5hidm61g11dfthjvv5r60nh6tlv4r03	.eJxVjDsOwyAQBe9CHSGwMZ-U6X0GtOyug5MIJGNXUe4eIblI2jcz7y0iHHuOR-MtriSuQovL75YAn1w6oAeUe5VYy76tSXZFnrTJuRK_bqf7d5Ch5V4rDwAIA1iTJkrg0bugUAdDbNiZoA3pMFnLiBoGN47sRk-0qIWJnPh8AQRbOMQ:1uPBqe:76PUwZe5cCH80Ha5Igs6Cq02bbfKuGIXepbLTOYfjaA	2025-06-25 12:09:56.088917+09
fkk7utvll7yfo6smg741oxwq1ajpgg00	.eJxVjDsOwyAQBe9CHSGwMZ-U6X0GtOyug5MIJGNXUe4eIblI2jcz7y0iHHuOR-MtriSuQovL75YAn1w6oAeUe5VYy76tSXZFnrTJuRK_bqf7d5Ch5V4rDwAIA1iTJkrg0bugUAdDbNiZoA3pMFnLiBoGN47sRk-0qIWJnPh8AQRbOMQ:1uPBr6:vgo8TYZc6mwQesgVX90lk8lcCAmsXGKeqqGTJ3i89AE	2025-06-25 12:10:24.335603+09
\.


--
-- Data for Name: notifications; Type: TABLE DATA; Schema: public; Owner: postgres
--

COPY public.notifications (id, message, is_read, created_at, user_id) FROM stdin;
\.


--
-- Data for Name: token_blacklist_blacklistedtoken; Type: TABLE DATA; Schema: public; Owner: postgres
--

COPY public.token_blacklist_blacklistedtoken (id, blacklisted_at, token_id) FROM stdin;
1	2025-06-10 00:48:17.965339+09	3
2	2025-06-10 00:52:43.26646+09	5
3	2025-06-11 04:37:34.722725+09	31
\.


--
-- Data for Name: token_blacklist_outstandingtoken; Type: TABLE DATA; Schema: public; Owner: postgres
--

COPY public.token_blacklist_outstandingtoken (id, token, created_at, expires_at, user_id, jti) FROM stdin;
1	eyJhbGciOiJIUzI1NiIsInR5cCI6IkpXVCJ9.eyJ0b2tlbl90eXBlIjoicmVmcmVzaCIsImV4cCI6MTc1MDA4NjEyOSwiaWF0IjoxNzQ5NDgxMzI5LCJqdGkiOiI5ZWU1MGFmNGEwZmE0NzhiYjI0NWFkN2Q5Zjc3MmFhNyIsInVzZXJfaWQiOjF9.GwQGVEQyLgELfHeDsGVISc0Rn6T-dE_9aB6Db1_gDvU	2025-06-10 00:02:09.143755+09	2025-06-17 00:02:09+09	1	9ee50af4a0fa478bb245ad7d9f772aa7
2	eyJhbGciOiJIUzI1NiIsInR5cCI6IkpXVCJ9.eyJ0b2tlbl90eXBlIjoicmVmcmVzaCIsImV4cCI6MTc1MDA4NjM3NCwiaWF0IjoxNzQ5NDgxNTc0LCJqdGkiOiJhNWU2ZjM4NzkyNTE0YjhiYTA1NmZjMTUxOTg1ZTcxMCIsInVzZXJfaWQiOjF9.et5w9DY3q4SO0yjL-ZqIQ32ZSH0mpeiBoxh6hc-2Pw8	2025-06-10 00:06:14.555835+09	2025-06-17 00:06:14+09	1	a5e6f38792514b8ba056fc151985e710
3	eyJhbGciOiJIUzI1NiIsInR5cCI6IkpXVCJ9.eyJ0b2tlbl90eXBlIjoicmVmcmVzaCIsImV4cCI6MTc1MDA4NzA1MSwiaWF0IjoxNzQ5NDgyMjUxLCJqdGkiOiI5YzliNzg1Y2RhN2I0OWVmODRjMWNiOWQ5M2Q2NTFmYSIsInVzZXJfaWQiOjF9.CuCbuImJA9PeEuH-79EUc31IbQW73Q4PFpJH7fX-RhQ	2025-06-10 00:48:17.953835+09	2025-06-17 00:17:31+09	1	9c9b785cda7b49ef84c1cb9d93d651fa
4	eyJhbGciOiJIUzI1NiIsInR5cCI6IkpXVCJ9.eyJ0b2tlbl90eXBlIjoicmVmcmVzaCIsImV4cCI6MTc1MDA4ODk1MCwiaWF0IjoxNzQ5NDg0MTUwLCJqdGkiOiI0ODIyNmJkMTAxZGE0YWNlYTYzMmM4OWM0Mzk1OTExZiIsInVzZXJfaWQiOjF9.O5EpcGf_klefwBoEEcyWAjoxMPWzCKVDh1ljAiKn03s	2025-06-10 00:49:10.85111+09	2025-06-17 00:49:10+09	1	48226bd101da4acea632c89c4395911f
5	eyJhbGciOiJIUzI1NiIsInR5cCI6IkpXVCJ9.eyJ0b2tlbl90eXBlIjoicmVmcmVzaCIsImV4cCI6MTc1MDA4NzMzOSwiaWF0IjoxNzQ5NDgyNTM5LCJqdGkiOiI5ODNjMTgwOTNlYzc0NzgxOTQzNzI4MmE1NmI5OWU5YSIsInVzZXJfaWQiOjF9.PfFdXke4CBV3wLALFkYjVWo1_TReRYDkzoM6l5A9A3w	2025-06-10 00:52:43.256998+09	2025-06-17 00:22:19+09	1	983c18093ec747819437282a56b99e9a
6	eyJhbGciOiJIUzI1NiIsInR5cCI6IkpXVCJ9.eyJ0b2tlbl90eXBlIjoicmVmcmVzaCIsImV4cCI6MTc1MDA5MDc0OSwiaWF0IjoxNzQ5NDg1OTQ5LCJqdGkiOiJiZmYxZjk2NDU3ZjI0NzFiYTFmZWJjOGI5OTU1NWY4YyIsInVzZXJfaWQiOjR9.5atufdWAQrkz5QRkLrlaAvN9OCcVsyHO6lEWQSZ4JbI	2025-06-10 01:19:09.064509+09	2025-06-17 01:19:09+09	\N	bff1f96457f2471ba1febc8b99555f8c
7	eyJhbGciOiJIUzI1NiIsInR5cCI6IkpXVCJ9.eyJ0b2tlbl90eXBlIjoicmVmcmVzaCIsImV4cCI6MTc1MDA5NTM3OSwiaWF0IjoxNzQ5NDkwNTc5LCJqdGkiOiI0NzQzZjM0ZGRjOTc0M2Q0OTZhZTFiNTZiZWJmODM5MyIsInVzZXJfaWQiOjF9.u3W9cBi169_PmS4yHRVZTEsImaZXGjZEtz0GHzQMrmM	2025-06-10 02:36:19.936317+09	2025-06-17 02:36:19+09	1	4743f34ddc9743d496ae1b56bebf8393
8	eyJhbGciOiJIUzI1NiIsInR5cCI6IkpXVCJ9.eyJ0b2tlbl90eXBlIjoicmVmcmVzaCIsImV4cCI6MTc1MDA5NzAzMSwiaWF0IjoxNzQ5NDkyMjMxLCJqdGkiOiI4MTA0MzQ4YmE3ODA0MmQ0YjY5NThjZGM0MDdiMWZjYSIsInVzZXJfaWQiOjZ9.7eTGVIZLkhx3vw8JcyL7qzpGl6XusKIeRgTwPpvSpUw	2025-06-10 03:03:51.091884+09	2025-06-17 03:03:51+09	\N	8104348ba78042d4b6958cdc407b1fca
10	eyJhbGciOiJIUzI1NiIsInR5cCI6IkpXVCJ9.eyJ0b2tlbl90eXBlIjoicmVmcmVzaCIsImV4cCI6MTc1MDEzNzE0OSwiaWF0IjoxNzQ5NTMyMzQ5LCJqdGkiOiI5MWMyMDkyYzZlMTk0NzE2YTA0ZTEyMmM3ZGQwOTY1MyIsInVzZXJfaWQiOjF9.XjuJuNwJNRD9er3-4iGugA2FIuV0u0I5ghaneHaCTtI	2025-06-10 14:12:29.776976+09	2025-06-17 14:12:29+09	1	91c2092c6e194716a04e122c7dd09653
11	eyJhbGciOiJIUzI1NiIsInR5cCI6IkpXVCJ9.eyJ0b2tlbl90eXBlIjoicmVmcmVzaCIsImV4cCI6MTc1MDEzNzc4NSwiaWF0IjoxNzQ5NTMyOTg1LCJqdGkiOiI3YWMxZWRiNzdiMzY0MmFiODk0NjJjMGMyOTIzOGQ0MCIsInVzZXJfaWQiOjF9.ejXSCrnfGAEMAjedYQE9o0dnsIpYYFjhO0zq5wftq7I	2025-06-10 14:23:05.76106+09	2025-06-17 14:23:05+09	1	7ac1edb77b3642ab89462c0c29238d40
12	eyJhbGciOiJIUzI1NiIsInR5cCI6IkpXVCJ9.eyJ0b2tlbl90eXBlIjoicmVmcmVzaCIsImV4cCI6MTc1MDEzODQxMywiaWF0IjoxNzQ5NTMzNjEzLCJqdGkiOiJlYTQ2YTQ0ZDkxYmQ0MzYwYmJhNDhkYTJiNDQ0YjJmYiIsInVzZXJfaWQiOjF9.bA0XxnXN2BRyl881xYvzV8z_YfvduVBhhAJ59Xe9IzQ	2025-06-10 14:33:33.069608+09	2025-06-17 14:33:33+09	1	ea46a44d91bd4360bba48da2b444b2fb
9	eyJhbGciOiJIUzI1NiIsInR5cCI6IkpXVCJ9.eyJ0b2tlbl90eXBlIjoicmVmcmVzaCIsImV4cCI6MTc1MDA5NzQwNCwiaWF0IjoxNzQ5NDkyNjA0LCJqdGkiOiJmY2Q1NjY2YTlkMDk0OTExYmJhNjAxMzM5MGZiMDgzYiIsInVzZXJfaWQiOjd9.b6v-S2xn37Jrln9VFIB7OYvFTyddI8NhHy-egNcKciw	2025-06-10 03:10:04.638619+09	2025-06-17 03:10:04+09	\N	fcd5666a9d094911bba6013390fb083b
13	eyJhbGciOiJIUzI1NiIsInR5cCI6IkpXVCJ9.eyJ0b2tlbl90eXBlIjoicmVmcmVzaCIsImV4cCI6MTc1MDE0Mzg4NSwiaWF0IjoxNzQ5NTM5MDg1LCJqdGkiOiJlZGI4OTE2ZWE0NDI0NGIwOWM5MzA2OWViNDJiYzg2OSIsInVzZXJfaWQiOjd9.ystQu7R0UYYYzsdwlVCzkOktHK-_WG6yMw5Ni6966Mc	2025-06-10 16:04:45.441735+09	2025-06-17 16:04:45+09	\N	edb8916ea44244b09c93069eb42bc869
14	eyJhbGciOiJIUzI1NiIsInR5cCI6IkpXVCJ9.eyJ0b2tlbl90eXBlIjoicmVmcmVzaCIsImV4cCI6MTc1MDE0NTE3MywiaWF0IjoxNzQ5NTQwMzczLCJqdGkiOiI4MmE5MTk3N2YzNWU0NTgwOTYzYWFkNzE4ZTA3Yjc5NyIsInVzZXJfaWQiOjExfQ.7sxSvRZGCwXa7jYWIMbrsjagvwR-OiBGzXS6e3JHwbQ	2025-06-10 16:26:13.396879+09	2025-06-17 16:26:13+09	11	82a91977f35e4580963aad718e07b797
16	eyJhbGciOiJIUzI1NiIsInR5cCI6IkpXVCJ9.eyJ0b2tlbl90eXBlIjoicmVmcmVzaCIsImV4cCI6MTc1MDE3NzYzMCwiaWF0IjoxNzQ5NTcyODMwLCJqdGkiOiIxZDc2ZDA5YjY0NmE0N2Y5OWUxYjk2ODA1ZWU4OTQ3YyIsInVzZXJfaWQiOjF9.mQ4H9HK--sNOlKZjTnn2FAkrA1d7trwc95__pi8hg_Q	2025-06-11 01:27:10.488529+09	2025-06-18 01:27:10+09	1	1d76d09b646a47f99e1b96805ee8947c
18	eyJhbGciOiJIUzI1NiIsInR5cCI6IkpXVCJ9.eyJ0b2tlbl90eXBlIjoicmVmcmVzaCIsImV4cCI6MTc1MDE3OTIyNywiaWF0IjoxNzQ5NTc0NDI3LCJqdGkiOiI1NTliY2RiZDQ5YmE0ZWNjYmM3MjI3N2NlMjA4MjBhZCIsInVzZXJfaWQiOjF9.GCegiwo-hlC_Jesc1UoC69NBY0PrWfmpdWTHJDQE0ww	2025-06-11 01:53:47.805203+09	2025-06-18 01:53:47+09	1	559bcdbd49ba4eccbc72277ce20820ad
15	eyJhbGciOiJIUzI1NiIsInR5cCI6IkpXVCJ9.eyJ0b2tlbl90eXBlIjoicmVmcmVzaCIsImV4cCI6MTc1MDE3NTk5NSwiaWF0IjoxNzQ5NTcxMTk1LCJqdGkiOiI0NmNhNGNkZTFiZWQ0MjlmOTI0ZjkzYjY3NWQyYmJlYiIsInVzZXJfaWQiOjEyfQ.41NGWULzKFhWo1INUp-ysHI_OSMBa5FL-Nvu-heZ3SM	2025-06-11 00:59:55.219663+09	2025-06-18 00:59:55+09	\N	46ca4cde1bed429f924f93b675d2bbeb
17	eyJhbGciOiJIUzI1NiIsInR5cCI6IkpXVCJ9.eyJ0b2tlbl90eXBlIjoicmVmcmVzaCIsImV4cCI6MTc1MDE3ODY4MSwiaWF0IjoxNzQ5NTczODgxLCJqdGkiOiIxYzMwNTNhNzk5NTM0MGM2YThjZDhhZjZlZDk1Y2I1MSIsInVzZXJfaWQiOjEyfQ.Rw1YuvZl_gjYShEwxzVXchMECTl09wg6fSNvHHmZHHc	2025-06-11 01:44:41.79318+09	2025-06-18 01:44:41+09	\N	1c3053a7995340c6a8cd8af6ed95cb51
19	eyJhbGciOiJIUzI1NiIsInR5cCI6IkpXVCJ9.eyJ0b2tlbl90eXBlIjoicmVmcmVzaCIsImV4cCI6MTc1MDE4MDQ2NywiaWF0IjoxNzQ5NTc1NjY3LCJqdGkiOiI4ZjBkYjAzMDc4NzE0N2QzYTJiNTdiYmFmNzJkYWJkNiIsInVzZXJfaWQiOjF9.uO648MuJXbSKIQwGV8oFsYBhFStfiQPxBjuVOqh8qOY	2025-06-11 02:14:27.104169+09	2025-06-18 02:14:27+09	1	8f0db030787147d3a2b57bbaf72dabd6
20	eyJhbGciOiJIUzI1NiIsInR5cCI6IkpXVCJ9.eyJ0b2tlbl90eXBlIjoicmVmcmVzaCIsImV4cCI6MTc1MDE4MDgxMSwiaWF0IjoxNzQ5NTc2MDExLCJqdGkiOiI5YTBkNWVjOWVhY2U0YjEyYmMyYmRlMDg2ZTdhOWZjYyIsInVzZXJfaWQiOjF9.XM-MkZP4w6O3qxjFGa07CZfEgDjhmIzHO67ijFrpoDc	2025-06-11 02:20:11.62598+09	2025-06-18 02:20:11+09	1	9a0d5ec9eace4b12bc2bde086e7a9fcc
21	eyJhbGciOiJIUzI1NiIsInR5cCI6IkpXVCJ9.eyJ0b2tlbl90eXBlIjoicmVmcmVzaCIsImV4cCI6MTc1MDE4MTE4NywiaWF0IjoxNzQ5NTc2Mzg3LCJqdGkiOiI1YTZlZTU0ZjNiZWY0ZGZlYTRlNmU0ZjAxYzlmMGFjMiIsInVzZXJfaWQiOjF9.VpM-C0fhPduBVGKl1iygvPWcm3cUErVY4sucgoBYJFI	2025-06-11 02:26:27.056757+09	2025-06-18 02:26:27+09	1	5a6ee54f3bef4dfea4e6e4f01c9f0ac2
22	eyJhbGciOiJIUzI1NiIsInR5cCI6IkpXVCJ9.eyJ0b2tlbl90eXBlIjoicmVmcmVzaCIsImV4cCI6MTc1MDE4MjQ4MSwiaWF0IjoxNzQ5NTc3NjgxLCJqdGkiOiIxZWQ2NDhiNDg4ZTY0NDY3OTQ3ZTA5NDZkYTMxOTQ4MCIsInVzZXJfaWQiOjF9.tUWa5LPy3BAY9nGMzk-YxEO8RC1MPu7Wp-LEfQYxr0E	2025-06-11 02:48:01.284833+09	2025-06-18 02:48:01+09	1	1ed648b488e64467947e0946da319480
23	eyJhbGciOiJIUzI1NiIsInR5cCI6IkpXVCJ9.eyJ0b2tlbl90eXBlIjoicmVmcmVzaCIsImV4cCI6MTc1MDE4MjUwNiwiaWF0IjoxNzQ5NTc3NzA2LCJqdGkiOiJiNWY0ZjkyZDdkYzM0YzY3YmVlM2YxOWMzZDhlMzNmYSIsInVzZXJfaWQiOjF9.mI5ZzGvhJGpdnk4mBUOEcLWQh5au7vKOIUQ3mzMggcQ	2025-06-11 02:48:26.271287+09	2025-06-18 02:48:26+09	1	b5f4f92d7dc34c67bee3f19c3d8e33fa
24	eyJhbGciOiJIUzI1NiIsInR5cCI6IkpXVCJ9.eyJ0b2tlbl90eXBlIjoicmVmcmVzaCIsImV4cCI6MTc1MDE4MjU2NSwiaWF0IjoxNzQ5NTc3NzY1LCJqdGkiOiI5MDM3YzZkNDhmZjA0YWJiYTE2Mzc5NDgzMDdlYTBiZCIsInVzZXJfaWQiOjF9.sfD93opFjQf59rysAUeulvh0m2lVCEAQjNaNXtte42E	2025-06-11 02:49:25.44089+09	2025-06-18 02:49:25+09	1	9037c6d48ff04abba1637948307ea0bd
26	eyJhbGciOiJIUzI1NiIsInR5cCI6IkpXVCJ9.eyJ0b2tlbl90eXBlIjoicmVmcmVzaCIsImV4cCI6MTc1MDE4MjY4OCwiaWF0IjoxNzQ5NTc3ODg4LCJqdGkiOiI3ZjkzMDFkMTk1YzE0ZWVkYTgxNzk0NzYwMmU1YzNhZSIsInVzZXJfaWQiOjF9.Zs0SxRIIiCKVp-Ml_sSbLI0lwtizg1GPGRffuHFAVrM	2025-06-11 02:51:28.730091+09	2025-06-18 02:51:28+09	1	7f9301d195c14eeda817947602e5c3ae
27	eyJhbGciOiJIUzI1NiIsInR5cCI6IkpXVCJ9.eyJ0b2tlbl90eXBlIjoicmVmcmVzaCIsImV4cCI6MTc1MDE4MjcwOCwiaWF0IjoxNzQ5NTc3OTA4LCJqdGkiOiIyOWJmMDg2ZDE4Nzc0MzcyOTQ1MjA3ODE4YzFjZjg1NCIsInVzZXJfaWQiOjF9.K4I74SlKXhS9o044XhYK7KLD9sV42rpVDFPA3TQ3pwM	2025-06-11 02:51:48.286958+09	2025-06-18 02:51:48+09	1	29bf086d18774372945207818c1cf854
28	eyJhbGciOiJIUzI1NiIsInR5cCI6IkpXVCJ9.eyJ0b2tlbl90eXBlIjoicmVmcmVzaCIsImV4cCI6MTc1MDE4Mjg5NiwiaWF0IjoxNzQ5NTc4MDk2LCJqdGkiOiJmNTRjNDAyYWU0NzM0YTE0OTc0MzZiNjAwMDRmZDZlNCIsInVzZXJfaWQiOjF9.lmo5m0LUJ9RJzKHp2_FhOQu-n99C33_md6TtskeuJ9w	2025-06-11 02:54:56.963882+09	2025-06-18 02:54:56+09	1	f54c402ae4734a1497436b60004fd6e4
29	eyJhbGciOiJIUzI1NiIsInR5cCI6IkpXVCJ9.eyJ0b2tlbl90eXBlIjoicmVmcmVzaCIsImV4cCI6MTc1MDE4NTE3NiwiaWF0IjoxNzQ5NTgwMzc2LCJqdGkiOiJkYmQxYzEzYzAwMjE0NWRmYTUyMzlmMzJkNTZkNGEwNCIsInVzZXJfaWQiOjF9.DQQjeh-87EpgEbAGgUbT6td5I3tNsidSmy6qRQ-veAM	2025-06-11 03:32:56.55141+09	2025-06-18 03:32:56+09	1	dbd1c13c002145dfa5239f32d56d4a04
30	eyJhbGciOiJIUzI1NiIsInR5cCI6IkpXVCJ9.eyJ0b2tlbl90eXBlIjoicmVmcmVzaCIsImV4cCI6MTc1MDE4NTc2NSwiaWF0IjoxNzQ5NTgwOTY1LCJqdGkiOiJhNWVmY2YxOTZjMWQ0NWE1ODI5MjUxYmI2ODA4YzBhZSIsInVzZXJfaWQiOjF9.sMPfvG_Q7dDUwmlyxOaQsahwvQMbwB0TP0OVAgzw9Ho	2025-06-11 03:42:45.322913+09	2025-06-18 03:42:45+09	1	a5efcf196c1d45a5829251bb6808c0ae
25	eyJhbGciOiJIUzI1NiIsInR5cCI6IkpXVCJ9.eyJ0b2tlbl90eXBlIjoicmVmcmVzaCIsImV4cCI6MTc1MDE4MjY2MiwiaWF0IjoxNzQ5NTc3ODYyLCJqdGkiOiI4Y2I2YTRiMWFmOTk0ZGQ3YjA0YjkwOWFiMGZmMTIyNyIsInVzZXJfaWQiOjE5fQ.GVYSIA7WS6TNd43KQBPOwwzk3fX5B01DA-y9y0OOMJo	2025-06-11 02:51:02.353797+09	2025-06-18 02:51:02+09	\N	8cb6a4b1af994dd7b04b909ab0ff1227
31	eyJhbGciOiJIUzI1NiIsInR5cCI6IkpXVCJ9.eyJ0b2tlbl90eXBlIjoicmVmcmVzaCIsImV4cCI6MTc1MDE4ODg0NywiaWF0IjoxNzQ5NTg0MDQ3LCJqdGkiOiJlYzlhZDI5OWEyMTY0ZDNmOGQ0Y2RiMTEzYzkyOWU1NiIsInVzZXJfaWQiOjIwfQ.WNM1hvbnnHO1rn_eewkWEPmwpUwMXwnQCObiyNiGhrE	2025-06-11 04:34:07.653224+09	2025-06-18 04:34:07+09	20	ec9ad299a2164d3f8d4cdb113c929e56
32	eyJhbGciOiJIUzI1NiIsInR5cCI6IkpXVCJ9.eyJ0b2tlbl90eXBlIjoicmVmcmVzaCIsImV4cCI6MTc1MDE4ODg3NywiaWF0IjoxNzQ5NTg0MDc3LCJqdGkiOiIxNmNiZGZkY2M2Y2M0NDlmOTIxMDNiOWUxNTI0N2E4NSIsInVzZXJfaWQiOjIwfQ.CO6ZSoOHyIk1t7JA7Uobp5_3gg9-gnQPTaXqF9i2EZM	2025-06-11 04:34:37.163815+09	2025-06-18 04:34:37+09	20	16cbdfdcc6cc449f92103b9e15247a85
33	eyJhbGciOiJIUzI1NiIsInR5cCI6IkpXVCJ9.eyJ0b2tlbl90eXBlIjoicmVmcmVzaCIsImV4cCI6MTc1MDE5MTUzOCwiaWF0IjoxNzQ5NTg2NzM4LCJqdGkiOiI0ZWJiMDc3NjNkOWU0YjY0YmM0MWMzMjNhNDk4NzMxYSIsInVzZXJfaWQiOjIwfQ.qrL8FTNkMIxPacLlyMmaObl6yObV2Jn2cgbkQJunMxM	2025-06-11 05:18:58.023413+09	2025-06-18 05:18:58+09	20	4ebb07763d9e4b64bc41c323a498731a
34	eyJhbGciOiJIUzI1NiIsInR5cCI6IkpXVCJ9.eyJ0b2tlbl90eXBlIjoicmVmcmVzaCIsImV4cCI6MTc1MDE5MjA2NCwiaWF0IjoxNzQ5NTg3MjY0LCJqdGkiOiJiOGU2YmFkNGRhNmI0MjFjYjZkNGY4MjMxYWI2ODQ3YiIsInVzZXJfaWQiOjIwfQ.bh5eo6e6vL5f3VV_om_PezJCiRpWtS_iZO2DsA0BDbY	2025-06-11 05:27:44.358836+09	2025-06-18 05:27:44+09	20	b8e6bad4da6b421cb6d4f8231ab6847b
35	eyJhbGciOiJIUzI1NiIsInR5cCI6IkpXVCJ9.eyJ0b2tlbl90eXBlIjoicmVmcmVzaCIsImV4cCI6MTc1MDIxMzYxOSwiaWF0IjoxNzQ5NjA4ODE5LCJqdGkiOiI0MjhmZWMyMmVkNzc0ODBkYjYwOTNhMzkzZmQwODFiZCIsInVzZXJfaWQiOjF9.U1a_cy0tL6VixeCkchm6-PNu3LSmzIWfKuv9puOpowA	2025-06-11 11:26:59.683699+09	2025-06-18 11:26:59+09	1	428fec22ed77480db6093a393fd081bd
\.


--
-- Data for Name: transaction_history; Type: TABLE DATA; Schema: public; Owner: postgres
--

COPY public.transaction_history (id, transaction_amount, post_transaction_amount, transaction_details, transaction_type, transaction_method, transaction_timestamp, created_at, updated_at, account_id) FROM stdin;
299752	31884537.80	31884537.80	string	DEPOSIT	ATM	2025-06-11 01:30:37.759+09	2025-06-11 01:31:16.640982+09	2025-06-11 01:31:16.640987+09	827
299753	99.00	31884438.80	string	WITHDRAW	ATM	2025-06-11 01:30:37.759+09	2025-06-11 01:32:07.189653+09	2025-06-11 01:32:07.18967+09	827
299757	3333333.00	6666666.00	string	DEPOSIT	ATM	2025-06-11 03:14:37.349+09	2025-06-11 03:16:07.834652+09	2025-06-11 03:16:07.834659+09	829
299759	33778533.00	37118319.00	string	DEPOSIT	ATM	2025-06-11 03:43:15.93+09	2025-06-11 03:43:22.67013+09	2025-06-11 03:43:22.670136+09	831
299760	3410.00	37121729.00	string	DEPOSIT	ATM	2025-06-11 03:45:30.941+09	2025-06-11 03:45:38.254554+09	2025-06-11 03:45:38.25456+09	831
299761	1229023693.00	1266145422.00	string	DEPOSIT	ATM	2025-06-11 03:54:46.552+09	2025-06-11 03:54:52.454384+09	2025-06-11 03:54:52.45439+09	831
\.


--
-- Data for Name: users; Type: TABLE DATA; Schema: public; Owner: postgres
--

COPY public.users (id, password, is_superuser, email, nickname, name, phone_number, is_active, is_staff, is_admin, last_login, date_joined) FROM stdin;
15	pbkdf2_sha256$1000000$p117aThXBoZMW3yHIEggCY$xjZxI5wCkua+sg1Ry/Y6y7YvIG7xMPXrfYYqEZb3f7w=	f	use33233@example.com	2535232			f	f	f	2025-06-11 01:28:23.93161+09	2025-06-11 01:28:23.752234+09
2	pbkdf2_sha256$1000000$tyHej4z3IdaLr8fHRQbrOi$3N+TezWUYtpmBkupNihhvxlMAJj7T42ior0ZUUJbFOs=	f	user@example.com	string	string	string	t	f	f	2025-06-09 19:52:41.967472+09	2025-06-09 19:52:41.805054+09
16	pbkdf2_sha256$1000000$dPl7iOWsMpvrPqWnJoZdQC$5uPkZAtlUh6ZhqxtUD2Cx0dfXalEAAU8OVHsAUauvF0=	f	use332333@example.com	25352332			f	f	f	2025-06-11 01:28:40.747533+09	2025-06-11 01:28:40.571413+09
3	pbkdf2_sha256$1000000$9hi37ZuylkSQWe0QMvLpOo$qvVdwaYRCGEHLW7fB2HjMJq2r2wB2kbUxYrvEMzZaEA=	f	testuser@example.com	변경된닉네임	변경되겠지이름	010-5555-6666	t	f	f	2025-06-09 20:18:18.551339+09	2025-06-09 19:57:39.850053+09
17	pbkdf2_sha256$1000000$Rxxq4v2yjI0v6Gt9x0vqR3$IXXAb08DJoe962LXksjsVB4rCxoRAAhaVY7gmYwg3hI=	f	DLTKDDLS@example.com	AFSDAEEEF	AFWEFAE	333333	f	f	f	2025-06-11 01:44:05.41191+09	2025-06-11 01:44:05.233228+09
21	pbkdf2_sha256$1000000$tlGriuJv7RLys1h6WQtbDH$/a/obrPSMBzortCleCgX3engAIr8KxMFkoCKLVvFYzE=	f	chansm3an1004@gmail.com	검증3하자	검3증	5554434	f	f	f	2025-06-11 04:38:30.382328+09	2025-06-11 04:38:30.18271+09
22	pbkdf2_sha256$1000000$hU4nokEGWxNTZVfkvhXdgc$X4hYAqel6AZmWl031cxusc91VFcn3IOI/HDoqPNAHAk=	f	aa@example.com	3334	3334	333333	f	f	f	2025-06-11 05:18:38.229843+09	2025-06-11 05:18:38.050872+09
5	pbkdf2_sha256$1000000$onmllbQgxbnTnwoBBL12EM$jJyrFVKSa9kOJrpkKYwB6Gi4Dtfrborg9/xKZIKXqGw=	f	us123er@example.com	testss	testss	01093994442	t	f	f	2025-06-10 02:55:29.796295+09	2025-06-10 02:41:11.178848+09
20	pbkdf2_sha256$1000000$URKl9CIB2YShYWmbV2k8in$PBfjGTzpCrBYp0crsLU1hq3gK+e5q1rn1nuiZta3oCw=	f	chansman1004@gmail.com	수정가능	정말가능	772	t	f	f	2025-06-11 05:27:44.368685+09	2025-06-11 04:33:27.184402+09
8	pbkdf2_sha256$1000000$Q9a7CrVFHvBvx7sTndYRun$4hA+gqjhZjpXCPEANz+S16INOacBCysS6VXx45wRG38=	f	chansman33@gmail.com	as3fde	asdf3asf	010033344	f	f	f	2025-06-10 03:10:39.853074+09	2025-06-10 03:10:39.685399+09
1	pbkdf2_sha256$1000000$hQeufSmT0cOL81YRis1M9p$k5KWHV/7/wYKmZtrR3/0x+NleUqqXeXoNSKgQswnA5U=	f	rainsos@nate.com	이상인	이상인	7728253	t	t	t	2025-06-11 12:10:24.319613+09	2025-06-09 16:03:38.34592+09
9	pbkdf2_sha256$1000000$l2FjnSCfkYoyRox2NRW0BG$Y+DP0t0rqobjK1locKrswL2ERUomgVXHDZAf2bR0rYg=	f	rainsos12@example.com	rainsos12	rainsos12	string	f	f	f	2025-06-10 16:03:28.853713+09	2025-06-10 16:03:28.643089+09
11	pbkdf2_sha256$1000000$GMfYz1xhMljSXo2Mfnx82F$9Hsxyd7SnTTnKC1sHFZVqHe91h55NAOvqIYwN7MowDo=	f	rainysos0504@gmail.com	dkssudgktpdy	dkssudgktpdy	123414124	t	f	f	2025-06-10 16:26:13.412284+09	2025-06-10 16:25:25.005196+09
13	pbkdf2_sha256$1000000$zZNuS4dxwUEsPRRRSMDSe3$P4VmgtNAs14Ksm8LRk8cqREeVG4m4VF4iz32PXv1RJ0=	f	use333@example.com	stri33ng	str33ing	stri333ng	f	f	f	2025-06-11 01:27:35.265473+09	2025-06-11 01:27:35.083052+09
14	pbkdf2_sha256$1000000$ZL9ZtwNpOFLOqsTWWkWRel$YqCV8xuw3k99ML9r5meLKDFV/4LQnsVZztNgsFKff3g=	f	use3333@example.com	stri33123ng	as3333df		f	f	f	2025-06-11 01:28:09.481724+09	2025-06-11 01:28:09.302824+09
\.


--
-- Data for Name: users_groups; Type: TABLE DATA; Schema: public; Owner: postgres
--

COPY public.users_groups (id, customuser_id, group_id) FROM stdin;
\.


--
-- Data for Name: users_user_permissions; Type: TABLE DATA; Schema: public; Owner: postgres
--

COPY public.users_user_permissions (id, customuser_id, permission_id) FROM stdin;
\.


--
-- Name: accounts_id_seq; Type: SEQUENCE SET; Schema: public; Owner: postgres
--

SELECT pg_catalog.setval('public.accounts_id_seq', 837, true);


--
-- Name: analysis_id_seq; Type: SEQUENCE SET; Schema: public; Owner: postgres
--

SELECT pg_catalog.setval('public.analysis_id_seq', 1, false);


--
-- Name: auth_group_id_seq; Type: SEQUENCE SET; Schema: public; Owner: postgres
--

SELECT pg_catalog.setval('public.auth_group_id_seq', 1, false);


--
-- Name: auth_group_permissions_id_seq; Type: SEQUENCE SET; Schema: public; Owner: postgres
--

SELECT pg_catalog.setval('public.auth_group_permissions_id_seq', 1, false);


--
-- Name: auth_permission_id_seq; Type: SEQUENCE SET; Schema: public; Owner: postgres
--

SELECT pg_catalog.setval('public.auth_permission_id_seq', 48, true);


--
-- Name: django_admin_log_id_seq; Type: SEQUENCE SET; Schema: public; Owner: postgres
--

SELECT pg_catalog.setval('public.django_admin_log_id_seq', 5, true);


--
-- Name: django_content_type_id_seq; Type: SEQUENCE SET; Schema: public; Owner: postgres
--

SELECT pg_catalog.setval('public.django_content_type_id_seq', 12, true);


--
-- Name: django_migrations_id_seq; Type: SEQUENCE SET; Schema: public; Owner: postgres
--

SELECT pg_catalog.setval('public.django_migrations_id_seq', 31, true);


--
-- Name: notifications_id_seq; Type: SEQUENCE SET; Schema: public; Owner: postgres
--

SELECT pg_catalog.setval('public.notifications_id_seq', 1, false);


--
-- Name: token_blacklist_blacklistedtoken_id_seq; Type: SEQUENCE SET; Schema: public; Owner: postgres
--

SELECT pg_catalog.setval('public.token_blacklist_blacklistedtoken_id_seq', 3, true);


--
-- Name: token_blacklist_outstandingtoken_id_seq; Type: SEQUENCE SET; Schema: public; Owner: postgres
--

SELECT pg_catalog.setval('public.token_blacklist_outstandingtoken_id_seq', 35, true);


--
-- Name: transaction_history_id_seq; Type: SEQUENCE SET; Schema: public; Owner: postgres
--

SELECT pg_catalog.setval('public.transaction_history_id_seq', 299761, true);


--
-- Name: users_groups_id_seq; Type: SEQUENCE SET; Schema: public; Owner: postgres
--

SELECT pg_catalog.setval('public.users_groups_id_seq', 1, false);


--
-- Name: users_id_seq; Type: SEQUENCE SET; Schema: public; Owner: postgres
--

SELECT pg_catalog.setval('public.users_id_seq', 22, true);


--
-- Name: users_user_permissions_id_seq; Type: SEQUENCE SET; Schema: public; Owner: postgres
--

SELECT pg_catalog.setval('public.users_user_permissions_id_seq', 1, false);


--
-- Name: accounts accounts_pkey; Type: CONSTRAINT; Schema: public; Owner: postgres
--

ALTER TABLE ONLY public.accounts
    ADD CONSTRAINT accounts_pkey PRIMARY KEY (id);


--
-- Name: analysis analysis_pkey; Type: CONSTRAINT; Schema: public; Owner: postgres
--

ALTER TABLE ONLY public.analysis
    ADD CONSTRAINT analysis_pkey PRIMARY KEY (id);


--
-- Name: auth_group auth_group_name_key; Type: CONSTRAINT; Schema: public; Owner: postgres
--

ALTER TABLE ONLY public.auth_group
    ADD CONSTRAINT auth_group_name_key UNIQUE (name);


--
-- Name: auth_group_permissions auth_group_permissions_group_id_permission_id_0cd325b0_uniq; Type: CONSTRAINT; Schema: public; Owner: postgres
--

ALTER TABLE ONLY public.auth_group_permissions
    ADD CONSTRAINT auth_group_permissions_group_id_permission_id_0cd325b0_uniq UNIQUE (group_id, permission_id);


--
-- Name: auth_group_permissions auth_group_permissions_pkey; Type: CONSTRAINT; Schema: public; Owner: postgres
--

ALTER TABLE ONLY public.auth_group_permissions
    ADD CONSTRAINT auth_group_permissions_pkey PRIMARY KEY (id);


--
-- Name: auth_group auth_group_pkey; Type: CONSTRAINT; Schema: public; Owner: postgres
--

ALTER TABLE ONLY public.auth_group
    ADD CONSTRAINT auth_group_pkey PRIMARY KEY (id);


--
-- Name: auth_permission auth_permission_content_type_id_codename_01ab375a_uniq; Type: CONSTRAINT; Schema: public; Owner: postgres
--

ALTER TABLE ONLY public.auth_permission
    ADD CONSTRAINT auth_permission_content_type_id_codename_01ab375a_uniq UNIQUE (content_type_id, codename);


--
-- Name: auth_permission auth_permission_pkey; Type: CONSTRAINT; Schema: public; Owner: postgres
--

ALTER TABLE ONLY public.auth_permission
    ADD CONSTRAINT auth_permission_pkey PRIMARY KEY (id);


--
-- Name: django_admin_log django_admin_log_pkey; Type: CONSTRAINT; Schema: public; Owner: postgres
--

ALTER TABLE ONLY public.django_admin_log
    ADD CONSTRAINT django_admin_log_pkey PRIMARY KEY (id);


--
-- Name: django_content_type django_content_type_app_label_model_76bd3d3b_uniq; Type: CONSTRAINT; Schema: public; Owner: postgres
--

ALTER TABLE ONLY public.django_content_type
    ADD CONSTRAINT django_content_type_app_label_model_76bd3d3b_uniq UNIQUE (app_label, model);


--
-- Name: django_content_type django_content_type_pkey; Type: CONSTRAINT; Schema: public; Owner: postgres
--

ALTER TABLE ONLY public.django_content_type
    ADD CONSTRAINT django_content_type_pkey PRIMARY KEY (id);


--
-- Name: django_migrations django_migrations_pkey; Type: CONSTRAINT; Schema: public; Owner: postgres
--

ALTER TABLE ONLY public.django_migrations
    ADD CONSTRAINT django_migrations_pkey PRIMARY KEY (id);


--
-- Name: django_session django_session_pkey; Type: CONSTRAINT; Schema: public; Owner: postgres
--

ALTER TABLE ONLY public.django_session
    ADD CONSTRAINT django_session_pkey PRIMARY KEY (session_key);


--
-- Name: notifications notifications_pkey; Type: CONSTRAINT; Schema: public; Owner: postgres
--

ALTER TABLE ONLY public.notifications
    ADD CONSTRAINT notifications_pkey PRIMARY KEY (id);


--
-- Name: token_blacklist_blacklistedtoken token_blacklist_blacklistedtoken_pkey; Type: CONSTRAINT; Schema: public; Owner: postgres
--

ALTER TABLE ONLY public.token_blacklist_blacklistedtoken
    ADD CONSTRAINT token_blacklist_blacklistedtoken_pkey PRIMARY KEY (id);


--
-- Name: token_blacklist_blacklistedtoken token_blacklist_blacklistedtoken_token_id_key; Type: CONSTRAINT; Schema: public; Owner: postgres
--

ALTER TABLE ONLY public.token_blacklist_blacklistedtoken
    ADD CONSTRAINT token_blacklist_blacklistedtoken_token_id_key UNIQUE (token_id);


--
-- Name: token_blacklist_outstandingtoken token_blacklist_outstandingtoken_jti_hex_d9bdf6f7_uniq; Type: CONSTRAINT; Schema: public; Owner: postgres
--

ALTER TABLE ONLY public.token_blacklist_outstandingtoken
    ADD CONSTRAINT token_blacklist_outstandingtoken_jti_hex_d9bdf6f7_uniq UNIQUE (jti);


--
-- Name: token_blacklist_outstandingtoken token_blacklist_outstandingtoken_pkey; Type: CONSTRAINT; Schema: public; Owner: postgres
--

ALTER TABLE ONLY public.token_blacklist_outstandingtoken
    ADD CONSTRAINT token_blacklist_outstandingtoken_pkey PRIMARY KEY (id);


--
-- Name: transaction_history transaction_history_pkey; Type: CONSTRAINT; Schema: public; Owner: postgres
--

ALTER TABLE ONLY public.transaction_history
    ADD CONSTRAINT transaction_history_pkey PRIMARY KEY (id);


--
-- Name: users users_email_key; Type: CONSTRAINT; Schema: public; Owner: postgres
--

ALTER TABLE ONLY public.users
    ADD CONSTRAINT users_email_key UNIQUE (email);


--
-- Name: users_groups users_groups_customuser_id_group_id_927de924_uniq; Type: CONSTRAINT; Schema: public; Owner: postgres
--

ALTER TABLE ONLY public.users_groups
    ADD CONSTRAINT users_groups_customuser_id_group_id_927de924_uniq UNIQUE (customuser_id, group_id);


--
-- Name: users_groups users_groups_pkey; Type: CONSTRAINT; Schema: public; Owner: postgres
--

ALTER TABLE ONLY public.users_groups
    ADD CONSTRAINT users_groups_pkey PRIMARY KEY (id);


--
-- Name: users users_pkey; Type: CONSTRAINT; Schema: public; Owner: postgres
--

ALTER TABLE ONLY public.users
    ADD CONSTRAINT users_pkey PRIMARY KEY (id);


--
-- Name: users_user_permissions users_user_permissions_customuser_id_permission_2b4e4e39_uniq; Type: CONSTRAINT; Schema: public; Owner: postgres
--

ALTER TABLE ONLY public.users_user_permissions
    ADD CONSTRAINT users_user_permissions_customuser_id_permission_2b4e4e39_uniq UNIQUE (customuser_id, permission_id);


--
-- Name: users_user_permissions users_user_permissions_pkey; Type: CONSTRAINT; Schema: public; Owner: postgres
--

ALTER TABLE ONLY public.users_user_permissions
    ADD CONSTRAINT users_user_permissions_pkey PRIMARY KEY (id);


--
-- Name: accounts_user_id_7f1e1f1e; Type: INDEX; Schema: public; Owner: postgres
--

CREATE INDEX accounts_user_id_7f1e1f1e ON public.accounts USING btree (user_id);


--
-- Name: analysis_user_id_5382dacb; Type: INDEX; Schema: public; Owner: postgres
--

CREATE INDEX analysis_user_id_5382dacb ON public.analysis USING btree (user_id);


--
-- Name: auth_group_name_a6ea08ec_like; Type: INDEX; Schema: public; Owner: postgres
--

CREATE INDEX auth_group_name_a6ea08ec_like ON public.auth_group USING btree (name varchar_pattern_ops);


--
-- Name: auth_group_permissions_group_id_b120cbf9; Type: INDEX; Schema: public; Owner: postgres
--

CREATE INDEX auth_group_permissions_group_id_b120cbf9 ON public.auth_group_permissions USING btree (group_id);


--
-- Name: auth_group_permissions_permission_id_84c5c92e; Type: INDEX; Schema: public; Owner: postgres
--

CREATE INDEX auth_group_permissions_permission_id_84c5c92e ON public.auth_group_permissions USING btree (permission_id);


--
-- Name: auth_permission_content_type_id_2f476e4b; Type: INDEX; Schema: public; Owner: postgres
--

CREATE INDEX auth_permission_content_type_id_2f476e4b ON public.auth_permission USING btree (content_type_id);


--
-- Name: django_admin_log_content_type_id_c4bce8eb; Type: INDEX; Schema: public; Owner: postgres
--

CREATE INDEX django_admin_log_content_type_id_c4bce8eb ON public.django_admin_log USING btree (content_type_id);


--
-- Name: django_admin_log_user_id_c564eba6; Type: INDEX; Schema: public; Owner: postgres
--

CREATE INDEX django_admin_log_user_id_c564eba6 ON public.django_admin_log USING btree (user_id);


--
-- Name: django_session_expire_date_a5c62663; Type: INDEX; Schema: public; Owner: postgres
--

CREATE INDEX django_session_expire_date_a5c62663 ON public.django_session USING btree (expire_date);


--
-- Name: django_session_session_key_c0390e0f_like; Type: INDEX; Schema: public; Owner: postgres
--

CREATE INDEX django_session_session_key_c0390e0f_like ON public.django_session USING btree (session_key varchar_pattern_ops);


--
-- Name: notifications_user_id_468e288d; Type: INDEX; Schema: public; Owner: postgres
--

CREATE INDEX notifications_user_id_468e288d ON public.notifications USING btree (user_id);


--
-- Name: token_blacklist_outstandingtoken_jti_hex_d9bdf6f7_like; Type: INDEX; Schema: public; Owner: postgres
--

CREATE INDEX token_blacklist_outstandingtoken_jti_hex_d9bdf6f7_like ON public.token_blacklist_outstandingtoken USING btree (jti varchar_pattern_ops);


--
-- Name: token_blacklist_outstandingtoken_user_id_83bc629a; Type: INDEX; Schema: public; Owner: postgres
--

CREATE INDEX token_blacklist_outstandingtoken_user_id_83bc629a ON public.token_blacklist_outstandingtoken USING btree (user_id);


--
-- Name: transaction_history_account_id_e50a4eac; Type: INDEX; Schema: public; Owner: postgres
--

CREATE INDEX transaction_history_account_id_e50a4eac ON public.transaction_history USING btree (account_id);


--
-- Name: users_email_0ea73cca_like; Type: INDEX; Schema: public; Owner: postgres
--

CREATE INDEX users_email_0ea73cca_like ON public.users USING btree (email varchar_pattern_ops);


--
-- Name: users_groups_customuser_id_4bd991a9; Type: INDEX; Schema: public; Owner: postgres
--

CREATE INDEX users_groups_customuser_id_4bd991a9 ON public.users_groups USING btree (customuser_id);


--
-- Name: users_groups_group_id_2f3517aa; Type: INDEX; Schema: public; Owner: postgres
--

CREATE INDEX users_groups_group_id_2f3517aa ON public.users_groups USING btree (group_id);


--
-- Name: users_user_permissions_customuser_id_efdb305c; Type: INDEX; Schema: public; Owner: postgres
--

CREATE INDEX users_user_permissions_customuser_id_efdb305c ON public.users_user_permissions USING btree (customuser_id);


--
-- Name: users_user_permissions_permission_id_6d08dcd2; Type: INDEX; Schema: public; Owner: postgres
--

CREATE INDEX users_user_permissions_permission_id_6d08dcd2 ON public.users_user_permissions USING btree (permission_id);


--
-- Name: accounts accounts_user_id_7f1e1f1e_fk_users_id; Type: FK CONSTRAINT; Schema: public; Owner: postgres
--

ALTER TABLE ONLY public.accounts
    ADD CONSTRAINT accounts_user_id_7f1e1f1e_fk_users_id FOREIGN KEY (user_id) REFERENCES public.users(id) DEFERRABLE INITIALLY DEFERRED;


--
-- Name: analysis analysis_user_id_5382dacb_fk_users_id; Type: FK CONSTRAINT; Schema: public; Owner: postgres
--

ALTER TABLE ONLY public.analysis
    ADD CONSTRAINT analysis_user_id_5382dacb_fk_users_id FOREIGN KEY (user_id) REFERENCES public.users(id) DEFERRABLE INITIALLY DEFERRED;


--
-- Name: auth_group_permissions auth_group_permissio_permission_id_84c5c92e_fk_auth_perm; Type: FK CONSTRAINT; Schema: public; Owner: postgres
--

ALTER TABLE ONLY public.auth_group_permissions
    ADD CONSTRAINT auth_group_permissio_permission_id_84c5c92e_fk_auth_perm FOREIGN KEY (permission_id) REFERENCES public.auth_permission(id) DEFERRABLE INITIALLY DEFERRED;


--
-- Name: auth_group_permissions auth_group_permissions_group_id_b120cbf9_fk_auth_group_id; Type: FK CONSTRAINT; Schema: public; Owner: postgres
--

ALTER TABLE ONLY public.auth_group_permissions
    ADD CONSTRAINT auth_group_permissions_group_id_b120cbf9_fk_auth_group_id FOREIGN KEY (group_id) REFERENCES public.auth_group(id) DEFERRABLE INITIALLY DEFERRED;


--
-- Name: auth_permission auth_permission_content_type_id_2f476e4b_fk_django_co; Type: FK CONSTRAINT; Schema: public; Owner: postgres
--

ALTER TABLE ONLY public.auth_permission
    ADD CONSTRAINT auth_permission_content_type_id_2f476e4b_fk_django_co FOREIGN KEY (content_type_id) REFERENCES public.django_content_type(id) DEFERRABLE INITIALLY DEFERRED;


--
-- Name: django_admin_log django_admin_log_content_type_id_c4bce8eb_fk_django_co; Type: FK CONSTRAINT; Schema: public; Owner: postgres
--

ALTER TABLE ONLY public.django_admin_log
    ADD CONSTRAINT django_admin_log_content_type_id_c4bce8eb_fk_django_co FOREIGN KEY (content_type_id) REFERENCES public.django_content_type(id) DEFERRABLE INITIALLY DEFERRED;


--
-- Name: django_admin_log django_admin_log_user_id_c564eba6_fk_users_id; Type: FK CONSTRAINT; Schema: public; Owner: postgres
--

ALTER TABLE ONLY public.django_admin_log
    ADD CONSTRAINT django_admin_log_user_id_c564eba6_fk_users_id FOREIGN KEY (user_id) REFERENCES public.users(id) DEFERRABLE INITIALLY DEFERRED;


--
-- Name: notifications notifications_user_id_468e288d_fk_users_id; Type: FK CONSTRAINT; Schema: public; Owner: postgres
--

ALTER TABLE ONLY public.notifications
    ADD CONSTRAINT notifications_user_id_468e288d_fk_users_id FOREIGN KEY (user_id) REFERENCES public.users(id) DEFERRABLE INITIALLY DEFERRED;


--
-- Name: token_blacklist_blacklistedtoken token_blacklist_blacklistedtoken_token_id_3cc7fe56_fk; Type: FK CONSTRAINT; Schema: public; Owner: postgres
--

ALTER TABLE ONLY public.token_blacklist_blacklistedtoken
    ADD CONSTRAINT token_blacklist_blacklistedtoken_token_id_3cc7fe56_fk FOREIGN KEY (token_id) REFERENCES public.token_blacklist_outstandingtoken(id) DEFERRABLE INITIALLY DEFERRED;


--
-- Name: token_blacklist_outstandingtoken token_blacklist_outstandingtoken_user_id_83bc629a_fk_users_id; Type: FK CONSTRAINT; Schema: public; Owner: postgres
--

ALTER TABLE ONLY public.token_blacklist_outstandingtoken
    ADD CONSTRAINT token_blacklist_outstandingtoken_user_id_83bc629a_fk_users_id FOREIGN KEY (user_id) REFERENCES public.users(id) DEFERRABLE INITIALLY DEFERRED;


--
-- Name: transaction_history transaction_history_account_id_e50a4eac_fk_accounts_id; Type: FK CONSTRAINT; Schema: public; Owner: postgres
--

ALTER TABLE ONLY public.transaction_history
    ADD CONSTRAINT transaction_history_account_id_e50a4eac_fk_accounts_id FOREIGN KEY (account_id) REFERENCES public.accounts(id) DEFERRABLE INITIALLY DEFERRED;


--
-- Name: users_groups users_groups_customuser_id_4bd991a9_fk_users_id; Type: FK CONSTRAINT; Schema: public; Owner: postgres
--

ALTER TABLE ONLY public.users_groups
    ADD CONSTRAINT users_groups_customuser_id_4bd991a9_fk_users_id FOREIGN KEY (customuser_id) REFERENCES public.users(id) DEFERRABLE INITIALLY DEFERRED;


--
-- Name: users_groups users_groups_group_id_2f3517aa_fk_auth_group_id; Type: FK CONSTRAINT; Schema: public; Owner: postgres
--

ALTER TABLE ONLY public.users_groups
    ADD CONSTRAINT users_groups_group_id_2f3517aa_fk_auth_group_id FOREIGN KEY (group_id) REFERENCES public.auth_group(id) DEFERRABLE INITIALLY DEFERRED;


--
-- Name: users_user_permissions users_user_permissio_permission_id_6d08dcd2_fk_auth_perm; Type: FK CONSTRAINT; Schema: public; Owner: postgres
--

ALTER TABLE ONLY public.users_user_permissions
    ADD CONSTRAINT users_user_permissio_permission_id_6d08dcd2_fk_auth_perm FOREIGN KEY (permission_id) REFERENCES public.auth_permission(id) DEFERRABLE INITIALLY DEFERRED;


--
-- Name: users_user_permissions users_user_permissions_customuser_id_efdb305c_fk_users_id; Type: FK CONSTRAINT; Schema: public; Owner: postgres
--

ALTER TABLE ONLY public.users_user_permissions
    ADD CONSTRAINT users_user_permissions_customuser_id_efdb305c_fk_users_id FOREIGN KEY (customuser_id) REFERENCES public.users(id) DEFERRABLE INITIALLY DEFERRED;


--
-- PostgreSQL database dump complete
--

